{"type":"Topology","transform":{"scale":[0.0000020967126512823623,9.72603632635175e-7],"translate":[120.91978148,24.782699894]},"arcs":[[[41910,20410],[18,-63],[-11,-12],[25,-85],[5,3],[2,-70],[135,138],[4,10],[20,30],[25,22],[1,-20],[7,8],[1,-13],[23,-94],[27,-111],[10,-57],[4,-15],[77,40],[79,20],[146,24],[46,5],[15,121],[11,80],[1,10],[1,13],[8,-8],[25,-30],[131,-92],[52,-31],[43,-9],[51,-32],[25,6],[11,135],[40,-74],[102,-128],[-7,-20],[24,-26],[24,-33],[13,161],[6,73],[80,-152],[38,-71],[650,118],[96,-82],[27,234],[141,-14],[45,-17],[153,-60],[2,10],[38,-16],[12,59],[-12,18],[-54,78],[-12,17],[-5,7],[66,-41],[18,-11],[153,-95],[22,-18],[53,-76],[101,-109],[5,-5],[107,237],[33,-73],[8,-16],[71,-83],[17,-19],[66,0],[43,0],[40,5],[92,12],[14,45],[5,19],[-1,0],[36,146],[-6,37],[8,16],[9,-28],[57,-181],[40,69],[71,-79],[150,35],[4,-4],[64,150],[29,-48],[31,78],[48,-31],[2,-3],[6,-5],[11,-7],[186,0],[87,0],[2,-15],[154,-21],[7,-1],[336,-102],[44,161],[24,-9],[141,-93],[134,-51],[156,-70],[43,-20],[79,-17],[61,9],[365,223],[166,4],[2486,143],[657,-570],[-50,-285],[162,-91],[54,5],[21,3],[171,-84],[106,-61],[-287,-1301],[-1606,-77],[-1460,-174],[-159,23],[-754,-53],[-333,218],[-413,-345],[-54,37],[-33,26],[-9,-18],[-35,7],[-88,-9],[-118,-32],[5,-9],[-99,-23],[-38,-9],[-67,123],[-18,35],[-65,-5],[-62,53],[-55,33],[104,-203],[-20,-3],[-23,-3],[-227,87],[-44,9],[-52,32],[-84,15],[-1,-41],[44,-33],[-162,60],[-223,100],[-76,-1],[30,-207],[-73,7],[-20,2],[-73,-60],[-6,-2],[-61,17],[-19,13],[-1,-6],[-54,38],[-74,52],[-24,57],[-54,-19],[-83,-19],[-93,-3],[1,26],[-87,63],[-114,78],[-55,-136],[-38,-95],[-47,67],[-34,29],[14,24],[4,22],[25,14],[-39,21],[1,35],[-156,44],[-85,-7],[-42,0],[2,-121],[-1,0],[-1,-5],[-46,-5],[-14,-1],[-8,50],[-101,3],[-20,5],[-50,14],[-71,-12],[-62,-9],[-135,7],[-28,-3],[-11,-2],[-85,-1],[-39,18],[-55,-1],[-12,-8],[-40,-47],[-78,-49],[-16,13],[-4,-10],[-9,-24],[-27,-78],[11,133],[-43,46],[-66,-32],[-70,-19],[-18,48],[-43,49],[-47,52],[-72,-31],[-37,-33],[6,-82],[-43,104],[-19,48],[-73,-177],[-704,-50],[-7,-13],[-1,-1],[-13,-25],[-6,-10],[-206,183],[-103,-72],[-172,-1],[-126,35],[-30,2],[-74,141],[-49,72],[-56,73],[-35,-6],[-26,-46],[-89,-244],[-28,-51],[-33,-60],[-32,-24],[-37,-28],[-6,26],[-31,-19],[-27,5],[-40,5],[-88,47],[0,-1],[-108,113],[-26,-22],[0,-2],[-1,1],[-83,-176],[-1,1],[0,-1],[-33,36],[-127,140],[-199,32],[-2,-11],[-597,-202],[-57,-34],[-82,-114],[-18,12],[-37,-17],[-14,33],[-27,4],[-7,4],[-142,-40],[-60,-4],[-145,140],[-831,-745],[-274,-144],[-120,-62],[-10,-5],[-141,115],[-50,-48],[-45,-42],[-44,-43],[-45,-44],[-44,-43],[-51,-49],[-45,-44],[-44,-42],[-45,-44],[-45,-43],[-81,71],[-44,-43],[-45,-43],[-44,-43],[-45,-44],[-44,-43],[-45,-43],[-123,-47],[-15,20],[-16,25],[-47,73],[-30,44],[-3,6],[-45,-32],[0,2],[-8,-17],[-74,-159],[-16,34],[-21,-64],[-4,-15],[10,-40],[-52,-84],[-102,83],[24,-73],[11,-53],[-706,-406],[-39,85],[-48,-2],[-10,-28],[-42,-12],[-18,-5],[-63,-18],[-18,0],[-5,34],[-2,-1],[-74,-15],[0,-10],[-53,-7],[-1,6],[-24,-7],[2,25],[-30,3],[0,99],[0,24],[-86,-72],[-50,-54],[-1,-1],[-25,-101],[-74,-64],[-71,-142],[-65,-125],[-91,-250],[-33,-41],[-56,-73],[-7,-10],[-42,-42],[-1,-1],[-94,-69],[-52,-9],[-64,39],[-63,-26],[-165,-391],[-291,-542],[-963,-502],[-153,143],[-223,-236],[-52,-77],[-179,-51],[-67,197],[-68,-64],[-82,-77],[-55,-45],[-72,-58],[-422,-342],[-293,-219],[-6,-5],[-43,-35],[-42,-38],[-41,-41],[-40,-45],[-40,-48],[-38,-52],[-37,-54],[-36,-57],[-34,-61],[-42,-77],[-29,100],[-25,-10],[-1432,-1499],[-834,-1221],[-26,-54],[-914,-652],[-11,-33],[-14,-123],[-7,-14],[12,-42],[2,-8],[-18,-42],[-22,-48],[-6,-2],[-35,-59],[5,-14],[12,-31],[-81,-89],[-93,-151],[-4,-23],[1,-15],[-5,-1],[-35,-9],[-65,-16],[-24,-61],[-88,-21],[-220,-178],[-99,-35],[-63,-80],[-12,-15],[-69,138],[-1,-125],[-22,-20],[-136,45],[-33,11],[11,-117],[-15,34],[-3,6],[-14,29],[-24,-113],[-52,-52],[-39,-12],[-24,-7],[-57,-18],[-47,-15],[-39,-12],[-127,-40],[-32,-10],[-59,46],[-61,35],[-747,139],[-26,51],[-783,-385],[-22,24],[-519,82],[-21,20],[-124,119],[-29,-60],[-25,-7],[-202,280],[-102,1],[-11,0],[-4,0],[-8,0],[1,46],[-5,-3],[-568,-418],[-1,-5],[-8,16],[-4,7],[-77,30],[-3,-52],[-17,36],[-15,34],[-40,-72],[-7,6],[-17,15],[-14,-26],[-17,33],[-27,35],[-13,41],[-13,41],[-12,39],[-13,39],[-5,14],[-54,-49],[-64,37],[-57,-62],[-10,35],[2,-52],[-14,0],[1,-16],[-2,-1],[-21,71],[-49,-53],[-4,-5],[-20,54],[-5,14],[-28,74],[-16,44],[-6,14],[-5,14],[-6,-14],[-72,-166],[-7,10],[-1,43],[-5,45],[6,146],[-11,1],[-150,15],[-30,6],[-71,-182],[-53,38],[-21,56],[-16,31],[-21,-45],[-38,-24],[-15,27],[-15,28],[-17,31],[-61,-28],[-47,84],[-70,21],[-35,28],[-7,13],[-83,46],[1,-9],[-35,-5],[-64,125],[-7,99],[-9,19],[-193,267],[-19,-8],[-1,8],[-16,-23],[-17,-22],[-14,-27],[-14,-27],[-15,-27],[-14,-27],[-14,-27],[-51,100],[-39,-12],[-41,82],[-6,13],[-82,5],[-31,53],[-42,105],[-6,-6],[-12,-30],[-4,-6],[-21,-34],[-45,82],[-19,-16],[-6,-6],[-53,87],[-17,10],[24,42],[-11,10],[-7,6],[-40,9],[-8,44],[-15,51],[-17,20],[-26,33],[-32,-25],[-22,3],[-16,29],[-28,49],[-7,49],[-145,78],[-45,51],[-26,-24],[-238,300],[-309,316],[-81,79],[-610,-219],[-77,8],[-56,3],[-228,232],[-31,-121],[-98,-110],[-143,99],[-14,11],[-92,64],[21,36],[-1,42],[-1,13],[-115,97],[-66,56],[-3,3],[-1,-1],[-14,-25],[-14,-145],[-255,-79],[-17,33],[-29,5],[-287,203],[-4,7],[-10,46],[-179,13],[-10,-12],[-27,-35],[-7,17],[-6,-13],[9,-140],[-31,-9],[-10,-3],[-42,-12],[1,-21],[-8,9],[-1,2],[-14,22],[-17,25],[-16,13],[2,6],[-14,20],[-30,40],[-21,33],[-20,37],[-19,40],[-17,42],[-3,8],[-5,24],[-8,46],[-6,49],[-3,-50],[-38,19],[-6,3],[-11,5],[-895,-618],[-388,-68],[-149,-28],[-100,152],[-101,-106],[-239,-166],[-27,-81],[-34,-31],[-6,38],[-21,2],[-18,2],[-13,-5],[-72,58],[-33,28],[-4,4],[-15,-82],[-56,42],[-14,4],[-7,-59],[-22,-47],[-11,-60],[-25,-17],[-47,59],[-33,2],[-23,186],[-218,-226],[-3,7],[-75,175],[-40,93],[-25,-54],[-14,-30],[-43,-54],[11,-30],[-40,-26],[-44,-28],[-14,37],[-21,8],[3,-20],[-64,23],[-25,57],[-57,-84],[-50,-233],[-53,-109],[-3,26],[-29,338],[-59,-73],[-10,83],[-43,-66],[-12,9],[5,-61],[-101,-117],[5,-49],[10,6],[42,-172],[-34,-41],[-35,-42],[-297,23],[6,-109],[13,-10],[1,-4],[10,-62],[-71,27],[-1,-10],[-2,2],[-32,-92],[-17,23],[-18,23],[0,1],[-34,-94],[-10,0],[-22,176],[0,0],[-20,34],[-98,8],[-101,2],[-16,1],[17,-73],[6,-23],[3,-64],[34,-67],[2,-5],[-79,-88],[-4,-5],[-12,-78],[-33,63],[-19,-22],[-27,70],[9,49],[-5,60],[-12,22],[-40,-19],[-23,4],[-84,-92],[28,-105],[-180,-153],[-12,8],[-16,12],[-42,-32],[13,-18],[-4,-44],[15,-112],[-61,-38],[-49,-30],[-32,-20],[-7,170],[-35,-26],[-30,-23],[-110,-194],[-24,0],[-27,-507],[-31,-16],[-26,-36],[-256,-188],[-95,-2],[-81,-126],[-12,-189],[-250,-86],[-32,-52],[-159,20],[-131,-129],[-72,16],[-81,11],[-296,-429],[0,-93],[-281,-122],[38,-324],[-30,-17],[-82,-27],[-12,1],[-11,1],[-12,1],[-12,1],[-11,1],[-5,9],[-72,279],[-78,-83],[-11,-12],[-115,-171],[-192,43],[-194,-27],[-172,199],[-64,13],[12,52],[-10,17],[-184,48],[-325,-295],[-507,-241],[-597,-311],[-41,-214],[-22,-118],[-544,-526],[-195,-63],[-35,-41],[-15,20],[-15,-4],[-5,-12],[-135,-64],[-35,-65],[-80,17],[-216,-93],[-49,-71],[-18,-40],[-6,-13],[-44,-95],[-39,-67],[-33,-71],[28,-82],[14,-34],[0,0],[-49,-78],[-45,38],[-10,-1],[-2,-2],[-19,-5],[-5,-2],[-21,-11],[-14,9],[-5,3],[19,-54],[25,-68],[-32,-3],[-15,31],[-21,-35],[13,-35],[-32,-54],[-14,35],[-28,68],[-9,41],[-10,39],[-3,-3],[-13,39],[3,3],[-21,77],[-19,66],[-96,-86],[-30,-57],[12,-24],[1,-36],[-13,-30],[-401,-190],[-60,-126],[-15,-210],[-23,9],[-4,-11],[-14,22],[-28,-26],[-33,-30],[-57,-19],[-40,141],[-11,-3],[-68,197],[-38,-45],[-26,-54],[-5,-7],[-58,-75],[-71,-93],[32,-106],[-78,4],[-10,-24],[-4,-27],[-753,-502],[-288,-332],[-170,-22],[-10,-27],[35,-86],[-357,19],[-63,-145],[-16,-100],[4,-91],[-13,-73],[-253,-1],[5,-32],[-17,-50],[-32,-46],[-29,-65],[-46,73],[-29,22],[-339,-378],[-56,-128],[-84,-83],[-255,97],[-8,12],[-56,-173],[-3,-10],[-3,1],[-4,3],[-89,56],[-7,-92],[2,-20],[-2,-74],[-13,-75],[-3,-4],[-87,123],[-27,-13],[-10,65],[-33,48],