{"type":"Topology","transform":{"scale":[0.000004598423877684728,0.00000201591120560289],"translate":[120.29875881,23.049457603]},"arcs":[[[12238,7042],[0,-2],[0,-15],[0,-46],[-45,-51],[1,-15],[-9,-59],[-80,-126],[-6,15],[-23,-7],[-20,-26],[-21,-1],[-26,4],[-236,-81],[-77,-73],[-191,-125],[-18,70],[-45,-102],[21,-65],[-26,-24],[-193,-109],[-73,-32],[-164,-9],[-244,-46],[-83,10],[-44,-18],[-153,-220],[-37,85],[-28,-30],[-30,-53],[-22,-22],[-41,-52],[-211,-64],[-565,-387],[-3,-45],[-291,-385],[-11,-45],[-15,-48],[-63,-10],[-22,-72],[-47,-59],[-23,-3],[-63,-23],[-35,-90],[-81,-100],[-96,-41],[-153,-180],[-232,-312],[-302,-135],[-181,-171],[-15,-7],[-65,-10],[-100,-137],[-96,-109],[-58,-112],[-6,-44],[-32,21],[-13,-34],[-40,-59],[-216,-242],[-23,-31],[-104,26],[-40,51],[3,-119],[-50,-23],[-34,-18],[-34,5],[0,74],[-10,36],[-38,-9],[-37,-154],[-26,6],[0,1],[-30,51],[-32,-4],[-2,-1],[-30,-15],[-30,-9],[-17,-4],[-46,-22],[-5,-51],[-10,-57],[0,-36],[-50,9],[-37,-24],[-144,-135],[-147,22],[-36,-106],[-30,-19],[-22,69],[-91,-215],[-51,-30],[-66,-39],[-66,-40],[-80,-47],[-59,-35],[-4,-8],[-53,-47],[-6,1],[-24,3],[-12,3],[-11,4],[-20,30],[-28,3],[-14,-17],[-3,-15],[-10,-44],[-20,-63],[-45,-21],[-47,-25],[-206,60],[-14,-36],[0,-20],[-8,-43],[-49,-116],[-4,-1],[-33,45],[9,30],[-5,39],[-13,-47],[-148,-115],[-101,-35],[-147,85],[-151,-148],[-168,-45],[-10,-2],[-17,8],[11,5],[-5,67],[-31,20],[-24,18],[-1,-43],[-33,-8],[-3,31],[-46,-13],[-92,-26],[-46,53],[-86,-131],[-167,-41],[-19,-26],[-99,-25],[-6,13],[-162,-128],[-25,23],[-27,25],[-26,23],[-29,27],[-49,45],[-277,-238],[-37,-4],[-22,20],[-47,43],[-21,-103],[-31,28],[-32,29],[-41,37],[-30,27],[-29,26],[-145,-202],[-47,-34],[-86,79],[-85,79],[-232,-248],[-9,-31],[-14,13],[-43,39],[-57,53],[-268,-262],[-34,34],[-35,32],[-33,30],[-43,39],[-143,-123],[-79,-166],[-21,-20],[-27,25],[-30,27],[-40,38],[-27,26],[-201,-308],[-9,-6],[-27,25],[-22,20],[-7,6],[-63,58],[-252,-252],[-20,-35],[-40,36],[-34,31],[11,-54],[-142,-139],[0,-1],[-12,50],[-27,-54],[-10,13],[-66,-65],[-21,29],[-47,-40],[-9,84],[-75,-58],[-5,3],[-3,-2],[-227,23],[-4,15],[-72,159],[-18,138],[-3,8],[-19,59],[32,120],[25,139],[13,77],[6,117],[0,5],[-6,123],[226,59],[8,169],[1,35],[41,14],[14,-65],[-5,47],[60,-108],[0,6],[5,135],[1,0],[6,-5],[0,0],[6,-2],[6,-1],[6,1],[56,13],[6,2],[9,3],[5,2],[0,-1],[102,40],[11,54],[38,-35],[7,3],[15,6],[8,3],[5,2],[61,23],[12,5],[73,29],[57,22],[60,24],[60,23],[10,51],[37,-33],[13,5],[20,8],[67,26],[75,29],[79,31],[31,146],[30,-28],[31,-28],[31,-28],[10,-10],[4,1],[5,2],[8,3],[7,3],[6,2],[5,2],[17,6],[17,5],[43,15],[43,13],[113,245],[85,-77],[119,201],[119,74],[64,-19],[37,-34],[21,-19],[27,-25],[23,-22],[24,-21],[14,69],[37,38],[0,-29],[14,-8],[16,0],[5,0],[36,1],[35,0],[94,189],[42,-22],[20,-18],[96,-87],[277,234],[37,8],[43,-39],[19,-18],[79,-72],[292,225],[27,-18],[25,-21],[25,-24],[38,-35],[50,-46],[217,199],[29,65],[112,-61],[68,-63],[34,-30],[158,227],[15,-26],[4,13],[6,22],[12,-22],[5,16],[12,41],[4,-7],[0,-16],[25,-41],[18,-14],[30,-24],[7,-2],[1,0],[2,23],[1,3],[1,24],[4,-1],[2,6],[1,21],[43,-17],[47,4],[49,29],[1,1],[52,47],[34,37],[48,-16],[9,24],[65,-16],[100,-91],[12,136],[30,20],[49,32],[95,6],[34,12],[49,31],[133,-28],[32,-21],[97,100],[124,-11],[377,253],[6,-35],[59,123],[64,131],[37,74],[11,-4],[97,88],[0,-16],[409,103],[15,48],[44,65],[21,31],[1,1],[118,101],[-3,-43],[3,-23],[6,-37],[9,-2],[16,38],[8,30],[-4,12],[1,14],[306,53],[112,188],[81,5],[12,4],[0,54],[172,256],[48,6],[91,15],[186,307],[66,163],[2,-12],[85,-4],[3,33],[512,238],[-55,63],[-8,14],[-47,16],[152,124],[19,-45],[3,-3],[7,4],[-13,61],[439,512],[1,0],[503,456],[-42,109],[18,24],[9,4],[1,3],[15,31],[23,-8],[33,30],[50,35],[16,-162],[28,4],[33,65],[37,40],[46,54],[0,-3],[50,-93],[66,107],[20,104],[37,12],[25,60],[65,65],[51,24],[40,-13],[50,-19],[28,5],[54,40],[35,86],[58,75],[35,-67],[0,-1],[42,6],[2,56],[21,132],[33,-13],[24,-16],[26,8],[24,18],[14,71],[28,-12],[55,105],[206,-56],[363,101],[38,52],[16,10],[98,23],[54,70],[14,52],[33,29],[0,24],[3,10],[11,-11],[44,39],[14,-10],[113,7],[3,4],[39,48],[7,-12],[15,-9],[19,9],[19,29],[15,21],[0,-13],[8,1],[1,-21],[15,2],[68,41],[4,10],[8,8],[16,14],[21,19],[2,2],[10,9],[39,23],[1,0],[4,1],[26,4],[4,1],[17,2],[0,-1],[30,12],[40,30],[58,-62],[4,-82],[5,-79],[0,-6],[38,14],[22,1],[20,19],[18,4],[10,-30],[48,-174],[-18,-23],[7,-32],[6,-7],[11,-9],[14,-20],[26,6],[4,42],[19,-146],[-9,-17],[-13,-3],[-24,-22],[16,-41],[21,-44],[3,-6],[7,-24],[-45,-78],[25,-41],[-3,-5],[-3,-9],[-22,-68],[-7,3],[-3,-15]]],"objects":{"F0006":{"type":"GeometryCollection","geometries":[{"arcs":[[0]],"type":"Polygon","properties":{"NAME":"新化斷層地質敏感區範圍","編號":"F0006","面積":"1.592 平方公里","編修日期":"2015/11/18","公告日期":null}}]}},"crs":{"type":"name","properties":{"name":"urn:ogc:def:crs:OGC:1.3:CRS84"}}}