{"type":"Topology","transform":{"scale":[0.000003230147453083583,0.000006823689702517287],"translate":[121.60905167,23.968922128]},"arcs":[[[1114,82],[-200,84],[6,4],[-27,39],[-9,32],[-88,259],[-51,238],[-11,16],[2,7],[-25,51],[9,3],[-16,10],[-8,5],[-10,61],[0,29],[10,18],[-8,5],[-1,0],[-1,0],[14,11],[-1,11],[6,27],[3,7],[29,24],[0,0],[-5,3],[16,47],[-53,108],[-2,1],[-7,29],[5,2],[4,34],[-26,16],[-23,41],[12,84],[-1,0],[22,7],[11,-1],[40,12],[-308,284],[-3,8],[-12,32],[-200,347],[1,7],[0,1],[-1,15],[-2,41],[-6,19],[-173,595],[7,6],[-33,34],[18,36],[-16,16],[54,203],[23,14],[30,66],[86,243],[17,20],[71,140],[40,100],[57,95],[24,47],[51,58],[12,15],[-3,7],[69,99],[45,62],[43,67],[25,18],[6,10],[5,13],[4,16],[10,8],[26,34],[4,11],[31,32],[46,70],[31,30],[7,9],[5,11],[34,44],[104,79],[2,1],[0,0],[48,88],[32,45],[12,17],[5,7],[4,1],[171,190],[7,7],[51,34],[51,59],[67,90],[126,118],[11,9],[-8,3],[3,4],[8,8],[27,25],[14,14],[13,12],[28,27],[2,2],[9,9],[11,11],[18,17],[14,13],[11,12],[21,20],[23,24],[6,6],[30,30],[9,9],[8,9],[26,29],[10,-2],[30,35],[31,35],[3,3],[69,52],[27,31],[25,30],[6,8],[1,0],[25,30],[10,13],[3,3],[32,39],[41,32],[8,4],[6,3],[35,50],[6,6],[18,9],[36,19],[-10,8],[179,120],[94,88],[449,370],[639,422],[339,255],[26,22],[20,14],[6,4],[159,123],[172,111],[35,12],[134,117],[158,129],[66,61],[124,29],[1181,666],[32,9],[194,77],[89,37],[3,1],[23,6],[12,3],[20,5],[4,-2],[14,3],[65,27],[51,28],[19,4],[22,7],[5,1],[5,2],[12,3],[18,8],[20,8],[17,7],[18,10],[2,1],[6,3],[2,-1],[6,3],[395,121],[187,-101],[207,-238],[-26,-18],[-142,-56],[-33,-6],[-48,-20],[-462,-156],[-4,-4],[-118,-58],[-153,-74],[-7,1],[-15,2],[-1104,-607],[9,-24],[-218,-145],[-77,-60],[-80,-34],[-8,-3],[23,-10],[-639,-487],[-228,-129],[-217,-172],[-64,-29],[-65,-29],[8,-4],[0,0],[-27,-14],[-157,-121],[-25,-38],[-17,-7],[-28,-13],[-23,-25],[-9,-5],[-15,-6],[-14,-7],[-14,-6],[-15,-7],[-14,-6],[-17,-8],[-374,-365],[-186,-169],[-33,-29],[-1,0],[-6,-1],[-173,-195],[-9,-1],[-7,-20],[-11,-1],[-8,-19],[-7,-5],[-9,0],[-11,-20],[-12,-7],[-12,-1],[1,-13],[-11,-5],[-33,-24],[-5,-20],[-8,-1],[-10,-1],[-2,-19],[-8,0],[-4,-10],[-7,-5],[-14,-6],[-7,-5],[2,-5],[-8,-1],[2,-3],[-9,-1],[-2,-13],[-17,-12],[-3,-7],[-7,-9],[-13,-19],[-5,-2],[-11,-15],[-18,-10],[-24,-30],[-34,-31],[-17,1],[-4,0],[0,0],[-3,-5],[-4,-6],[-4,0],[-3,-4],[-7,-10],[-3,-4],[-3,-5],[-3,-5],[-4,-5],[-3,-4],[-6,-9],[-7,-7],[-4,-5],[0,-1],[1,-2],[-8,-13],[-1,0],[-4,-1],[-25,-25],[-29,-11],[-108,-117],[-33,-40],[-150,-157],[-104,-110],[-808,-1080],[-82,-555],[-9,-31],[29,-35],[-14,-29],[39,-100],[130,-227],[-9,-4],[1,-1],[7,-4],[10,-3],[3,-1],[1,-19],[-11,-4],[28,-33],[12,-147],[-1,-2],[111,-185],[18,-13],[15,-35],[47,-57],[6,-10],[22,-8],[-3,-6],[-2,-4],[71,-49],[1,0],[152,-166],[-2,-102],[-2,-77],[1,-4],[86,-327],[0,-3],[11,-50],[-37,-89],[3,-36],[18,-53],[5,-14],[36,-129],[2,-1],[3,-1],[-12,-26],[10,-3],[11,-4],[-1,0],[3,-15],[-2,-1],[-6,-13],[9,-3],[-2,-1],[6,-1],[-7,-4],[17,-24],[8,-32],[5,-17],[14,-44],[11,-28],[52,-148],[-385,-296],[-15,-4],[-31,-5],[-32,-4],[-33,-3],[-17,-1],[-21,66],[-123,16]]],"objects":{"F0011":{"type":"GeometryCollection","geometries":[{"arcs":[[0]],"type":"Polygon","properties":{"編號":"F0011","名稱":"米崙斷層活動斷層地質敏感區","檔案說明":"本地質敏感區範圍所參考之地籍資料係由國土測繪中心提供，為民國105年自縣市地籍資料庫複製，故新近辦理之土地分割合併或地段更?"}}]}},"crs":{"type":"name","properties":{"name":"urn:ogc:def:crs:OGC:1.3:CRS84"}}}