{"type":"Topology","transform":{"scale":[0.000007357484316547036,0.000008434671398994334],"translate":[121.40135103,23.454969499]},"arcs":[[[183,409],[85,57],[2,-1],[16,14],[11,21],[4,5],[13,14],[55,46],[7,7],[4,3],[0,5],[27,26],[1,1],[72,47],[159,165],[16,-6],[36,19],[7,14],[26,20],[-8,10],[171,67],[374,37],[102,36],[112,14],[58,5],[8,0],[100,17],[8,10],[28,-2],[3,3],[113,12],[42,32],[9,5],[160,-6],[21,3],[26,7],[78,18],[69,68],[37,28],[17,3],[98,0],[16,108],[61,20],[267,307],[4,0],[61,107],[68,74],[18,23],[8,4],[16,-6],[47,38],[88,133],[13,31],[18,82],[76,174],[84,81],[24,12],[11,7],[165,123],[152,160],[63,94],[2,2],[9,7],[7,8],[15,15],[9,9],[12,12],[11,9],[10,11],[14,14],[13,12],[11,13],[12,16],[9,12],[13,19],[9,14],[8,14],[10,18],[13,24],[10,19],[4,12],[8,13],[11,20],[8,16],[6,13],[6,12],[5,8],[3,8],[7,15],[7,14],[7,10],[6,13],[8,14],[7,15],[7,16],[5,14],[3,9],[1,5],[2,3],[6,3],[2,0],[0,0],[3,3],[4,4],[3,5],[4,6],[3,6],[4,10],[4,10],[5,15],[9,24],[3,9],[2,10],[2,11],[2,10],[3,11],[4,11],[3,13],[4,17],[1,17],[2,17],[1,15],[2,22],[-1,14],[-3,14],[-1,9],[28,301],[136,135],[321,70],[115,29],[80,27],[48,43],[201,54],[311,-21],[22,2],[4,1],[1,1],[52,40],[129,39],[279,90],[17,5],[42,19],[59,9],[24,10],[1,0],[73,12],[63,17],[117,36],[31,9],[38,12],[9,8],[124,1],[32,23],[130,21],[362,50],[30,5],[193,33],[183,51],[167,73],[30,2],[53,28],[19,3],[31,13],[14,1],[60,10],[38,1],[34,4],[43,9],[59,20],[45,12],[24,11],[75,37],[59,44],[48,41],[58,57],[88,99],[68,65],[38,42],[21,30],[12,28],[12,43],[75,328],[45,21],[5,2],[8,12],[9,11],[11,22],[18,36],[3,25],[4,42],[28,29],[8,34],[11,41],[21,49],[4,8],[5,10],[22,41],[-29,11],[48,280],[115,115],[158,73],[48,24],[13,8],[38,57],[132,133],[10,13],[26,64],[165,135],[60,44],[65,77],[48,70],[26,2],[30,105],[-32,85],[21,59],[76,92],[44,45],[24,29],[4,9],[7,43],[11,56],[70,164],[1,2],[41,95],[11,30],[39,149],[29,198],[117,404],[-1,21],[43,137],[25,139],[-1,81],[156,314],[-23,184],[5,24],[-5,34],[-79,303],[-32,241],[28,87],[68,221],[23,155],[25,248],[140,401],[291,280],[383,136],[193,-28],[111,-14],[316,-51],[86,-13],[89,0],[45,9],[63,21],[55,31],[19,10],[11,29],[6,31],[72,528],[142,246],[63,129],[29,17],[136,153],[95,160],[107,489],[172,135],[193,104],[218,6],[136,42],[146,-2],[33,10],[39,17],[19,8],[6,2],[229,26],[24,13],[85,11],[47,-12],[-13,17],[-8,12],[32,11],[19,19],[190,71],[213,53],[224,-2],[293,-5],[139,123],[49,105],[12,13],[81,58],[63,44],[68,52],[15,42],[-2,19],[-4,26],[123,200],[42,75],[7,126],[93,174],[152,117],[1,0],[55,50],[14,12],[84,98],[64,64],[36,67],[5,41],[0,31],[62,92],[43,91],[88,52],[0,0],[128,86],[102,78],[32,37],[18,32],[15,27],[10,-6],[2,108],[54,190],[23,56],[4,6],[17,29],[1,23],[3,38],[18,57],[-16,15],[33,55],[37,76],[24,16],[26,27],[1,1],[15,19],[17,30],[15,15],[0,3],[4,5],[53,48],[1,3],[4,1],[0,3],[1,3],[47,7],[16,-2],[17,0],[0,1],[17,-2],[2,1],[11,-1],[17,-3],[1,3],[3,-1],[12,-4],[1,-5],[-1,-8],[15,0],[-2,-5],[0,-3],[-1,-2],[18,-2],[11,-1],[24,1],[54,-9],[74,-15],[3,54],[27,-1],[-3,-58],[3,0],[12,-6],[1,3],[21,-4],[29,-38],[-27,-41],[-29,-23],[-42,-33],[-41,-33],[-25,-17],[-4,-1],[-1,0],[-9,1],[-3,2],[-4,1],[-1,-2],[-7,2],[-6,-10],[0,-5],[3,-2],[-4,-2],[-1,-3],[-2,0],[-6,3],[-3,-1],[-4,4],[-5,-10],[-6,-7],[1,-3],[-3,-6],[5,1],[3,-1],[-1,-15],[-9,-9],[-5,0],[-17,0],[-4,-2],[-12,-16],[-13,-11],[-15,-24],[-40,-42],[2,-12],[4,-35],[14,-15],[-92,-430],[-19,-2],[-14,-3],[-1,0],[1,-5],[3,-24],[-12,-31],[-11,-11],[-13,-15],[0,0],[29,-4],[-1,-1],[-110,-107],[-17,-14],[-10,-33],[-24,-29],[-38,-10],[-15,4],[-3,-13],[-102,-61],[-26,7],[-14,-11],[-45,-28],[-14,-12],[-15,-13],[-12,-20],[-15,-21],[-10,-15],[-6,-16],[-5,-9],[-4,-5],[2,-15],[0,-35],[-1,-16],[-8,-12],[-38,-60],[-28,-45],[-14,-23],[-21,-74],[-31,-29],[-2,-15],[-84,-68],[-107,-65],[-5,-2],[-5,-1],[-11,-2],[-14,-2],[-2,-1],[-21,-30],[-11,-15],[-28,-41],[-31,-44],[4,-119],[-29,-5],[-40,-134],[-8,-24],[-30,-49],[-97,-136],[-30,-43],[7,-15],[-16,-28],[-15,-11],[6,-16],[17,-16],[-94,-75],[-54,-41],[-16,-4],[-1,-37],[-65,-45],[-32,-2],[-8,-10],[11,-13],[-158,-207],[-60,-56],[-132,-81],[-86,-224],[-164,-189],[-40,-34],[-51,-36],[-6,-4],[-6,-6],[-7,-4],[-7,-3],[-8,-6],[-8,-5],[-8,-3],[-6,-3],[-7,-4],[-6,-5],[-4,-4],[-4,-4],[-5,-5],[-4,-3],[-5,-4],[-1,1],[-6,-8],[-4,-7],[-4,-5],[-3,-6],[-3,-7],[-5,-7],[-3,-6],[-3,-6],[-3,-7],[-5,-8],[-3,-8],[-3,-6],[-2,-6],[-2,-4],[-302,-330],[-450,-560],[-8,-14],[-43,-89],[-58,-119],[-7,-7],[-7,-6],[-8,-9],[-7,-8],[-8,-7],[-8,-8],[-5,-7],[-6,-6],[-6,-7],[-5,-4],[-4,-3],[-6,-7],[-6,-6],[-6,-5],[-6,-5],[-5,-6],[-4,-4],[-2,-6],[-3,-7],[-4,-8],[-3,-8],[-2,-10],[-2,-11],[-2,-12],[-2,-9],[-3,-8],[-1,-8],[-3,-9],[0,-6],[-311,-73],[50,99],[-70,53],[87,144],[18,22],[8,34],[92,177],[317,461],[131,183],[33,66],[179,155],[50,74],[221,203],[42,37],[124,58],[55,162],[70,101],[-17,9],[-96,-14],[-256,18],[-8,8],[-21,6],[-39,-60],[-149,-50],[-3,-1],[-25,-25],[2,-1],[-176,-59],[-97,-4],[-111,-26],[-228,-31],[-35,-5],[-242,-36],[-108,-36],[-60,-42],[-30,-31],[-6,-21],[-23,-109],[-31,-181],[-206,-348],[-137,-182],[-88,-175],[-36,-57],[-38,-95],[-31,-95],[-15,-42],[-23,-425],[-193,-161],[-204,-110],[-294,-17],[-233,51],[-449,48],[-16,-1],[-87,-9],[-86,-90],[-14,-14],[-96,-128],[-18,-42],[-66,-167],[-12,-61],[-13,-71],[-81,-480],[-17,-55],[-38,-129],[-2,-52],[6,-62],[30,-172],[60,-252],[-82,-402],[-52,-277],[7,-22],[-150,-510],[-15,-57],[-1,-7],[-27,-149],[-31,-202],[-135,-339],[-14,-63],[-40,-142],[-211,-236],[11,-187],[-60,-106],[-272,-238],[-159,-189],[-18,-28],[-72,-100],[-192,-119],[-75,-29],[-21,-13],[-2,-1],[-14,-35],[-16,-76],[-15,-113],[-6,-27],[-11,-26],[-35,-65],[-27,-59],[-13,-46],[-14,-77],[-33,-78],[-36,-60],[-22,-51],[-9,-40],[-15,-174],[-42,-121],[-183,-219],[-83,-93],[-76,-75],[-278,-189],[-346,-88],[-91,-17],[-196,-84],[-142,-44],[-625,-110],[-179,-24],[-66,-8],[-52,-9],[-218,-59],[-119,-23],[-336,-99],[-149,-56],[-60,-28],[-134,-66],[-289,16],[-29,2],[-6,0],[-130,-7],[-1,-1],[-344,-148],[-154,-7],[-67,-407],[-4,-21],[-125,-286],[-321,-499],[-286,-256],[-146,-124],[-75,-110],[-36,-92],[-98,-190],[-3,-1],[-203,-193],[-8,-9],[-167,-207],[-3,-4],[-21,-18],[0,-5],[-21,-2],[-9,-4],[-15,0],[-10,-27],[-8,-11],[-29,-14],[-75,-62],[-29,-72],[-6,-3],[-88,-127],[-405,-157],[-32,9],[-45,12],[-87,-44],[-7,1],[-68,-1],[-63,-24],[-52,-20],[-6,-10],[-5,-3],[-26,10],[-8,-13],[-16,-10],[-234,-13],[-406,-104],[-124,-15],[-273,-193],[-22,-38],[0,-4],[-35,-52],[-74,-66],[-9,-2],[-171,-135],[-42,-30],[-8,-11],[5,-12],[-24,-23],[-27,-3],[-6,-2],[1,-2],[-13,-3],[4,-9],[-3,-2],[-3,-2],[-55,-24],[-10,-3],[-50,-7],[-4,-4],[-6,3],[-2,-4],[-19,12],[-5,-4],[-26,-4],[-18,3],[-17,5],[-6,5],[-31,10],[-2,29],[-13,34],[-3,5],[45,39],[-1,4],[-4,8],[-8,6],[-2,1],[-4,3],[10,12],[9,20],[-16,12],[2,7],[-10,11],[4,0],[39,56],[18,25],[6,-2],[52,58],[11,17],[23,23],[9,14]]],"objects":{"F0015":{"type":"GeometryCollection","geometries":[{"arcs":[[0]],"type":"Polygon","properties":{"編號":"F0015","名稱":"奇美斷層活動斷層地質敏感區","檔案說":"本地質敏感區範圍所參考之地籍資料係由國土測繪中心提供，為民國105年自縣市地籍資料庫複製，故新近辦理之土地分割合併或地段更名等資料無法納"}}]}},"crs":{"type":"name","properties":{"name":"urn:ogc:def:crs:OGC:1.3:CRS84"}}}