{"type":"Topology","arcs":[[[3196,1446],[61,17],[-52,-63],[-69,-135],[1,-71],[24,-16],[-7,-38],[21,-40],[-12,-59],[2,-62],[17,-64],[-31,-21],[-86,-88],[-68,-54],[-37,13],[-11,-65],[-116,-19],[-14,61],[-31,13],[-18,-28],[-17,-87],[-56,-20],[-53,10],[-11,-61],[-17,22],[-36,7],[-9,32],[-30,-65],[-82,29],[-101,-91],[-57,26],[-13,61],[-60,8],[-30,28],[-99,-21],[-162,151],[-151,-28],[-203,-34],[-69,-81],[-99,-81],[-11,-136],[-30,-53],[-28,53],[5,134],[-56,-17],[-35,55],[-68,-84],[-20,74],[-28,-31],[-13,-83],[-32,17],[-18,-83],[-76,6],[-33,60],[-14,83],[-53,-1],[-25,-40],[-33,8],[-10,87],[-67,16],[-85,-161],[-92,-76],[-120,16],[-166,-62],[-72,-66],[-59,-118],[-36,-130],[-140,331],[145,265],[7,2],[-40,110],[42,21],[39,10],[30,17],[39,13],[21,-3],[33,8],[37,20],[2,-17],[51,3],[35,8],[10,17],[-1,10],[61,60],[18,14],[22,-35],[35,-2],[35,4],[54,14],[29,15],[79,35],[0,30],[47,-44],[24,-1],[4,17],[24,2],[26,11],[33,26],[19,21],[14,32],[18,4],[20,4],[15,-4],[13,-2],[40,0],[11,1],[55,15],[71,26],[8,-7],[23,2],[8,0],[22,3],[33,9],[89,11],[61,25],[11,-11],[34,0],[40,14],[46,-1],[32,-6],[17,-4],[100,-33],[76,-1],[134,-2],[191,35],[133,-10],[267,146],[84,46],[18,22],[178,49],[28,198],[11,82],[75,340],[-19,48],[32,218],[293,-112],[57,-24],[-84,-95],[9,-294],[-21,-143],[-7,-117]]],"transform":{"scale":[0.0000030652379508931015,0.0000018326620349625676],"translate":[121.99508921000002,25.001296212]},"objects":{"H0006":{"type":"GeometryCollection","geometries":[{"arcs":[[0]],"type":"Polygon","properties":{"Id":0,"area":116251}}]}}}