{"type":"Topology","arcs":[[[62,974],[52,-5],[7,-45],[38,-7],[81,-137],[39,-29],[35,-89],[13,-32],[6,-14],[23,-51],[40,-63],[42,31],[84,-10],[42,17],[9,-23],[15,22],[47,69],[37,9],[3,1],[28,52],[36,65],[18,41],[51,119],[35,2],[28,40],[31,20],[4,-116],[6,4],[7,8],[89,92],[7,1],[47,1],[111,4],[25,1],[79,-28],[110,-39],[33,16],[162,-54],[267,7],[115,-37],[123,58],[109,22],[41,42],[133,234],[159,420],[53,-298],[94,-377],[-8,-3],[-21,-45],[-12,-57],[-4,-20],[-9,-87],[2,-54],[-11,-100],[-1,-15],[-11,-51],[1,-104],[46,-141],[1,-25],[-86,-50],[-100,-58],[-42,-24],[-5,0],[-44,-6],[0,0],[-9,-1],[-64,-7],[-3,-1],[-3,0],[-20,1],[-13,1],[-65,3],[-9,-24],[-43,-15],[-22,-35],[-3,5],[-11,19],[-30,50],[-1,1],[-2,12],[-42,44],[-20,-2],[-1,82],[0,7],[-140,-33],[-71,33],[-75,34],[-28,2],[-187,19],[-185,-13],[-181,35],[-96,17],[-52,-44],[-33,-28],[-73,-62],[-114,-138],[-1,-14],[-11,-13],[-373,-2],[-14,34],[-6,15],[-23,55],[0,1],[-34,17],[0,12],[0,37],[-14,6],[-300,143],[2,64],[60,579]]],"transform":{"scale":[0.0000014044693572466246,5.981123666037224e-7],"translate":[121.78435908,25.048688166]},"objects":{"H0004":{"type":"GeometryCollection","geometries":[{"arcs":[[0]],"type":"Polygon","properties":{"Id":0,"area":17564.77}}]}}}