{"type":"Topology","arcs":[[[57,619],[23,-7],[2,0],[25,-7],[14,-4],[7,-6],[91,-32],[32,6],[68,-18],[306,-79],[0,-470],[-6,-1],[-3,-1],[-96,21],[-45,8],[-58,35],[-269,76],[-29,15],[-16,2],[-46,6],[-10,8],[-22,19],[-25,20],[3,21],[41,297],[13,91]]],"transform":{"scale":[0.0000029536480000160733,0.0000014128966074340058],"translate":[121.74023016000001,25.102444831]},"objects":{"H0003":{"type":"GeometryCollection","geometries":[{"arcs":[[0]],"type":"Polygon","properties":{"Id":0,"area":12832.35}}]}}}