{"type":"Topology","arcs":[[[0,102],[103,145],[47,52],[60,32],[50,19],[49,-4],[41,-10],[-11,-12],[-93,-105],[-64,-74],[-43,-47],[-1,-2],[-71,-79],[-15,-17],[-52,102]]],"transform":{"scale":[0.000003950714285727892,0.0000024069257142806628],"translate":[120.72952601,24.604168253000005]},"objects":{"H0009":{"type":"GeometryCollection","geometries":[{"arcs":[[0]],"type":"Polygon","properties":{"Id":0,"area":9525}}]}}}