{"type":"Topology","transform":{"scale":[0.0000027949350439769202,0.0000037864116628943465],"translate":[121.40111822999998,23.478015071]},"arcs":[[[4058,1507],[37,107],[66,91],[0,20],[10,9],[21,21],[200,203],[19,8],[63,74],[19,10],[92,1],[91,28],[3,-4],[22,-14],[131,59],[5,18],[25,4],[17,14],[105,59],[173,87],[253,10],[31,0],[70,32],[38,3],[35,-8],[36,-19],[34,-8],[254,-22],[32,-18],[56,-71],[33,-38],[64,-35],[136,-58],[12,-15],[77,-103],[9,-29],[23,-118],[11,-76],[3,-86],[9,-138],[-1,-40],[-20,-57],[-16,-44],[-64,-57],[-13,-51],[-18,-104],[-4,-72],[-6,-49],[-13,-33],[-13,-77],[-34,-73],[-62,-112],[-9,-88],[10,-16],[10,-15],[19,-17],[19,-13],[31,-13],[55,-8],[67,-6],[57,0],[46,1],[43,1],[47,8],[39,11],[32,17],[45,22],[41,26],[32,17],[24,16],[20,18],[39,32],[22,20],[33,27],[54,62],[135,179],[213,296],[104,156],[131,233],[78,136],[32,91],[15,70],[19,56],[-17,410],[-78,313],[-86,178],[-20,77],[-106,185],[-65,148],[-51,296],[-227,443],[-14,123],[15,63],[15,27],[57,30],[4,35],[-27,40],[-4,69],[34,84],[36,55],[53,60],[38,27],[30,15],[10,18],[-33,144],[76,106],[17,136],[3,28],[70,206],[0,1],[0,0],[-23,64],[17,11],[4,5],[0,5],[-1,4],[-2,3],[-5,5],[-17,9],[-13,4],[-27,5],[-7,2],[-14,4],[15,0],[46,114],[44,54],[87,63],[-84,47],[-4,14],[-12,11],[2,6],[5,14],[3,9],[1,13],[0,9],[6,22],[5,19],[4,21],[4,19],[5,16],[9,17],[7,16],[10,10],[7,28],[19,55],[32,50],[31,34],[53,51],[11,15],[12,51],[14,49],[19,36],[18,22],[80,61],[54,80],[-1,78],[-1,15],[-10,12],[7,17],[9,8],[26,3],[45,-14],[10,-7],[32,-4],[29,13],[44,35],[88,96],[96,106],[61,54],[34,20],[63,41],[73,41],[87,42],[59,28],[74,19],[65,-3],[31,1],[43,11],[103,76],[31,16],[71,48],[31,18],[161,104],[35,21],[41,22],[40,13],[37,-1],[35,-16],[38,-26],[7,-13],[9,-11],[12,-3],[25,4],[40,6],[63,17],[71,28],[76,28],[76,25],[84,20],[64,4],[82,-16],[53,-31],[55,-34],[365,-171],[80,-65],[-18,-11],[19,-17],[26,-14],[29,-8],[30,-4],[32,0],[75,5],[181,63],[88,-5],[48,-71],[41,-39],[120,-5],[50,-2],[79,-3],[238,-9],[46,-104],[64,-13],[78,-17],[40,-47],[107,-125],[130,-54],[78,-33],[25,-214],[172,-184],[61,-139],[25,-52],[3,-161],[4,-164],[-10,-31],[26,-36],[-13,-21],[-23,-24],[-32,6],[-49,-17],[15,-83],[-44,-35],[-36,-28],[-27,-21],[-1,-9],[27,-86],[-19,-24],[-60,-21],[-38,-18],[-12,-56],[20,-15],[-2,-18],[49,-32],[-20,-29],[14,-20],[47,2],[-6,-37],[-122,-12],[3,-46],[21,4],[-2,-34],[45,-67],[-204,-27],[-493,71],[1,42],[-5,123],[-13,151],[-12,40],[4,97],[36,333],[41,43],[26,153],[4,78],[-46,96],[-36,53],[-87,62],[-123,71],[-177,76],[-121,39],[-159,45],[-159,43],[-60,10],[-97,28],[-117,28],[-265,11],[-194,48],[-96,28],[-133,2],[-89,-7],[-35,5],[-113,29],[-68,25],[-44,14],[-74,3],[-54,-1],[-77,-14],[-26,-9],[-81,-9],[-96,-36],[-82,-27],[-53,-18],[-62,-32],[-37,-37],[-50,-65],[-36,-46],[-45,-76],[-40,-61],[-21,-41],[-20,-51],[-22,-69],[-20,-43],[-10,-37],[-11,-34],[-12,-30],[-12,-33],[-15,-33],[-35,-63],[-16,-31],[-39,-50],[-151,-65],[-2,-4],[-11,-23],[-2,-11],[-1,-16],[-1,-16],[0,-15],[2,-18],[2,-14],[3,-19],[2,-19],[-1,-23],[-5,-21],[-10,-42],[-8,-26],[-5,-26],[-8,-26],[-10,-24],[-14,-28],[-11,-24],[-6,-24],[-7,-20],[-8,-27],[-4,-21],[-9,-34],[-5,-32],[-10,-31],[-12,-31],[-9,-23],[-8,-25],[-7,-27],[-10,-29],[-9,-25],[-12,-26],[-8,-25],[-4,-24],[-3,-28],[-2,-23],[1,-41],[-2,-42],[0,-27],[-5,-28],[-6,-28],[-11,-23],[-15,-34],[-10,-24],[-7,-20],[-6,-20],[-2,-24],[0,-31],[0,-25],[-5,-36],[-7,-48],[-5,-31],[-5,-34],[-7,-36],[-9,-34],[-14,-28],[-15,-27],[-20,-25],[-13,-19],[-13,-25],[-9,-27],[-4,-26],[-11,-37],[-7,-37],[-4,-26],[-7,-25],[-12,-23],[-14,-24],[-9,-24],[-2,-12],[2,-25],[3,-22],[7,-19],[10,-18],[8,-11],[2,-17],[-5,-17],[-8,-28],[-3,-19],[2,-12],[10,-11],[16,-9],[26,-5],[31,-2],[22,-1],[2,0],[21,-4],[15,-6],[14,-10],[12,-12],[7,-11],[10,-15],[15,-15],[19,-8],[57,-15],[27,-9],[34,-12],[30,-8],[25,-12],[18,-10],[15,-14],[2,-4],[5,-9],[5,-19],[5,-20],[5,-22],[5,-28],[4,-25],[8,-41],[6,-43],[4,-50],[4,-40],[3,-26],[4,-31],[2,-36],[4,-41],[3,-28],[5,-39],[4,-28],[7,-28],[7,-36],[2,-30],[2,-37],[5,-36],[-1,-42],[0,-36],[-3,-39],[-6,-32],[-1,-34],[0,-29],[1,-35],[3,-26],[3,-48],[3,-55],[-2,-28],[-3,-29],[-3,-30],[-8,-22],[-11,-15],[-16,-18],[-20,-30],[-8,-26],[-4,-28],[2,-59],[3,-32],[0,-25],[3,-27],[-2,-27],[-3,-24],[-7,-22],[-5,-15],[0,-13],[-1,-7],[3,-18],[3,-27],[3,-23],[-1,-17],[0,-6],[-13,-20],[-21,-27],[-16,-24],[-14,-25],[-8,-24],[-4,-21],[-5,-21],[-9,-19],[-6,-15],[-2,-6],[-15,-26],[-17,-103],[-175,-342],[-57,-58],[-237,-373],[-137,-142],[-229,-228],[-109,-126],[-17,-54],[-60,-21],[-126,-56],[-343,-124],[-136,-46],[-26,-1],[-267,4],[-108,43],[-31,41],[3,29],[-5,40],[-72,66],[-77,64],[-119,92],[9,65],[-50,24],[12,50],[30,228],[85,265],[49,433],[-46,170],[-316,101],[-120,-8],[-480,-158],[-136,-160],[-68,-96],[-43,-138],[24,-21],[-3,-61],[46,-52],[-30,-109],[-36,-48],[49,-252],[-100,-85],[-89,-89],[-63,-40],[-278,-73],[-317,-69],[-182,-19],[-195,3],[-261,37],[-206,66],[-368,130],[-205,90],[-45,21],[-161,55],[-267,114],[-71,26],[-50,36],[-36,61],[-104,286],[-5,63],[5,80],[16,66],[31,72],[77,344],[31,49],[27,41],[-8,32],[41,75],[33,37],[22,52],[8,60],[21,21],[14,7],[0,10],[22,26],[10,100],[12,26],[20,48],[-1,24],[44,103],[-4,23],[27,20],[5,18],[10,-1],[39,82],[-16,5],[-5,18],[23,36],[38,45],[85,137],[-5,23],[64,40],[27,2],[6,23],[18,1],[5,54],[24,9],[-1,13],[21,3],[7,40],[19,68],[-6,158],[53,73],[81,70],[50,44],[61,114],[64,106],[141,203],[210,258],[56,116],[9,157],[-19,69],[-26,45],[-102,116],[-312,152],[-130,41],[-525,110],[-240,20],[-236,28],[-313,24],[-308,36],[-86,-2],[-39,-13],[-199,-135],[-288,-226],[-206,214],[-30,103],[22,50],[-55,130],[-20,40],[-3,40],[-27,51],[57,45],[169,19],[114,54],[245,56],[243,13],[113,-40],[62,66],[381,27],[172,1],[195,-20],[85,23],[167,89],[64,25],[108,-9],[197,-148],[873,-97],[61,-9],[248,-68],[107,10],[71,-107],[142,-51],[-11,-319],[-21,-55],[2,-49],[51,-100],[0,-46],[-7,-44],[-29,-86],[-19,-292],[-49,-91],[-136,-40],[-71,-7],[-37,-25],[-21,-27],[-18,-50],[4,-106],[38,-70],[-2,-26],[-21,-22],[-34,-14],[-81,-91],[-1,-40],[20,-53],[32,-101],[14,-53],[-2,-19],[-39,-37],[-23,-45],[-27,-60],[-9,-36],[-6,-33],[-22,-91],[1,-146],[-30,-42],[-16,-35],[-3,-44],[9,-52],[2,-59],[-31,-49],[-74,-50],[-76,-30],[-48,-24],[-7,-36],[-51,-97],[-39,-73],[-48,-61],[-14,-23],[-44,-50],[-11,-40],[-23,-70],[-16,-115],[0,-43],[-101,-93],[-53,-62],[-57,-79],[-10,-10],[-8,-30],[-33,-63],[-19,-50],[-20,-50],[-18,-53],[-24,-55],[-25,-79],[-12,-40],[-4,-41],[15,-79],[24,-42],[69,-73],[44,-146],[15,-24],[71,-49],[32,-16],[73,-20],[137,-6],[135,-2],[114,3],[131,6],[230,8],[220,38],[139,4],[42,9],[57,44],[1,31],[-74,164],[1,132],[33,126],[60,86],[43,57]]],"objects":{"H0015":{"type":"GeometryCollection","geometries":[{"arcs":[[0]],"type":"Polygon","properties":{"Id":0}}]}},"crs":{"type":"name","properties":{"name":"urn:ogc:def:crs:OGC:1.3:CRS84"}}}